"Num.of.Individuals","Num.of.Markers","Type","accuracy","SD"
10,10,"T",1,0
10,20,"T",1,0
10,30,"T",1,0
10,40,"T",1,0
10,50,"T",1,0
10,60,"T",1,0
10,70,"T",1,0
10,80,"T",1,0
10,90,"T",1,0
10,100,"T",1,0
20,10,"T",1,0
20,20,"T",1,0
20,30,"T",1,0
20,40,"T",1,0
20,50,"T",1,0
20,60,"T",1,0
20,70,"T",1,0
20,80,"T",1,0
20,90,"T",1,0
20,100,"T",1,0
30,10,"T",1,0
30,20,"T",1,0
30,30,"T",1,0
30,40,"T",1,0
30,50,"T",1,0
30,60,"T",1,0
30,70,"T",1,0
30,80,"T",1,0
30,90,"T",1,0
30,100,"T",1,0
40,10,"T",1,0
40,20,"T",1,0
40,30,"T",1,0
40,40,"T",1,0
40,50,"T",1,0
40,60,"T",1,0
40,70,"T",1,0
40,80,"T",1,0
40,90,"T",1,0
40,100,"T",1,0
50,10,"T",1,0
50,20,"T",1,0
50,30,"T",1,0
50,40,"T",1,0
50,50,"T",1,0
50,60,"T",1,0
50,70,"T",1,0
50,80,"T",1,0
50,90,"T",1,0
50,100,"T",1,0
10,10,"R",0.915,0.0812727700887249
10,20,"R",0.97,0.034027852368936
10,30,"R",0.985,0.028562028528874
10,40,"R",1,0
10,50,"R",0.9975,0.011180339887499
10,60,"R",1,0
10,70,"R",1,0
10,80,"R",1,0
10,90,"R",1,0
10,100,"R",1,0
20,10,"R",0.9125,0.0646346004779744
20,20,"R",0.965,0.0296913951738281
20,30,"R",0.98125,0.0342926645524267
20,40,"R",0.9925,0.014281014264437
20,50,"R",0.99625,0.00915868871331309
20,60,"R",1,0
20,70,"R",1,0
20,80,"R",1,0
20,90,"R",1,0
20,100,"R",1,0
30,10,"R",0.916666666666667,0.0639809913291596
30,20,"R",0.969166666666667,0.0204303123035041
30,30,"R",0.9825,0.0226045330029333
30,40,"R",0.993333333333333,0.012565617248751
30,50,"R",0.996666666666667,0.00683985568056785
30,60,"R",0.999166666666667,0.00372677996249974
30,70,"R",1,0
30,80,"R",0.999166666666667,0.00372677996249974
30,90,"R",0.999166666666667,0.00372677996249974
30,100,"R",0.999166666666667,0.00372677996249974
40,10,"R",0.91,0.0571528421727306
40,20,"R",0.964375,0.0226801994560987
40,30,"R",0.979375,0.0168561054064598
40,40,"R",0.993125,0.00948943318145309
40,50,"R",0.99625,0.00587702932477032
40,60,"R",0.998125,0.00457934435665652
40,70,"R",0.99875,0.00384741882031931
40,80,"R",0.99875,0.00384741882031931
40,90,"R",0.999375,0.00279508497187473
40,100,"R",0.99875,0.00384741882031931
50,10,"R",0.91,0.0526157871045524
50,20,"R",0.967,0.0225014619408092
50,30,"R",0.9805,0.0179105966869954
50,40,"R",0.993,0.00864504725870618
50,50,"R",0.9965,0.005871429486124
50,60,"R",0.9985,0.00366347548532524
50,70,"R",0.999,0.00307793505625547
50,80,"R",0.999,0.00307793505625547
50,90,"R",0.9995,0.00223606797749979
50,100,"R",0.999,0.00307793505625547
